{"cameraMode":{"drawMode":0,"name":"Shaded","section":"Shading Mode"},"sceneLighting":true,"audioPlay":false,"sceneViewState":{"m_AlwaysRefresh":false,"showFog":true,"showSkybox":false,"showFlares":true,"showImageEffects":true,"showParticleSystems":true,"showVisualEffectGraphs":true,"m_FxEnabled":true},"in2DMode":false,"pivot":{"x":28.962175369262697,"y":0.6977853775024414,"z":1.8319616317749024},"rotation":{"x":0.00037992585566826165,"y":-0.977279007434845,"z":0.21199020743370057,"w":0.0017666970379650593},"size":8.712244987487793,"orthographic":false}