{"cameraMode":{"drawMode":0,"name":"Shaded","section":"Shading Mode"},"sceneLighting":true,"audioPlay":false,"sceneViewState":{"m_AlwaysRefresh":false,"showFog":true,"showSkybox":false,"showFlares":true,"showImageEffects":true,"showParticleSystems":true,"showVisualEffectGraphs":true,"m_FxEnabled":true},"in2DMode":false,"pivot":{"x":28.355958938598634,"y":2.693267345428467,"z":0.891461968421936},"rotation":{"x":-0.15592846274375916,"y":0.023108193650841714,"z":-0.0036512010265141727,"w":-0.9875002503395081},"size":1.591344952583313,"orthographic":false}