{"cameraMode":{"drawMode":0,"name":"Shaded","section":"Shading Mode"},"sceneLighting":false,"audioPlay":false,"sceneViewState":{"m_AlwaysRefresh":false,"showFog":true,"showSkybox":false,"showFlares":true,"showImageEffects":true,"showParticleSystems":true,"showVisualEffectGraphs":true,"m_FxEnabled":true},"in2DMode":false,"pivot":{"x":0.7140027284622192,"y":1.2580434083938599,"z":1.6142793893814088},"rotation":{"x":0.10057695209980011,"y":0.6092868447303772,"z":-0.07829954475164414,"w":0.7826383113861084},"size":2.978241443634033,"orthographic":false}