{"cameraMode":{"drawMode":0,"name":"Shaded","section":"Shading Mode"},"sceneLighting":false,"audioPlay":false,"sceneViewState":{"m_AlwaysRefresh":false,"showFog":true,"showSkybox":false,"showFlares":true,"showImageEffects":true,"showParticleSystems":true,"showVisualEffectGraphs":true,"m_FxEnabled":true},"in2DMode":false,"pivot":{"x":399.4079284667969,"y":352.9500427246094,"z":18.47320556640625},"rotation":{"x":-0.11255893856287003,"y":-0.014310765080153942,"z":0.0016214052448049188,"w":-0.9935405850410461},"size":754.024169921875,"orthographic":false}