{"cameraMode":{"drawMode":0,"name":"Shaded","section":"Shading Mode"},"sceneLighting":false,"audioPlay":false,"sceneViewState":{"m_AlwaysRefresh":false,"showFog":true,"showSkybox":false,"showFlares":true,"showImageEffects":true,"showParticleSystems":true,"showVisualEffectGraphs":true,"m_FxEnabled":true},"in2DMode":false,"pivot":{"x":122.7576904296875,"y":0.27963733673095705,"z":-116.71937561035156},"rotation":{"x":0.10952924937009812,"y":0.7156497836112976,"z":-0.11517190933227539,"w":0.6801849007606506},"size":1.733976125717163,"orthographic":false}