{"cameraMode":{"drawMode":0,"name":"Shaded","section":"Shading Mode"},"sceneLighting":false,"audioPlay":false,"sceneViewState":{"m_AlwaysRefresh":false,"showFog":true,"showSkybox":false,"showFlares":true,"showImageEffects":true,"showParticleSystems":true,"showVisualEffectGraphs":true,"m_FxEnabled":true},"in2DMode":false,"pivot":{"x":756.5059814453125,"y":903.4507446289063,"z":-50.171897888183597},"rotation":{"x":0.22051402926445008,"y":-0.03979744389653206,"z":0.009005763567984105,"w":0.9745311141014099},"size":179.3670654296875,"orthographic":false}