{"cameraMode":{"drawMode":0,"name":"Shaded","section":"Shading Mode"},"sceneLighting":true,"audioPlay":false,"sceneViewState":{"m_AlwaysRefresh":false,"showFog":true,"showSkybox":false,"showFlares":true,"showImageEffects":true,"showParticleSystems":true,"showVisualEffectGraphs":true,"m_FxEnabled":true},"in2DMode":false,"pivot":{"x":31.46061897277832,"y":1.645651936531067,"z":-7.82528829574585},"rotation":{"x":-0.00031073892023414373,"y":-0.9934434294700623,"z":0.11435922980308533,"w":-0.002674907213076949},"size":0.8429768681526184,"orthographic":false}