{"cameraMode":{"drawMode":0,"name":"Shaded","section":"Shading Mode"},"sceneLighting":true,"audioPlay":false,"sceneViewState":{"m_AlwaysRefresh":false,"showFog":true,"showSkybox":false,"showFlares":true,"showImageEffects":true,"showParticleSystems":true,"showVisualEffectGraphs":true,"m_FxEnabled":true},"in2DMode":false,"pivot":{"x":31.50324249267578,"y":0.9268055558204651,"z":-7.621908187866211},"rotation":{"x":0.00041061241063289344,"y":-0.9962911009788513,"z":0.08600283414125443,"w":0.004789573140442371},"size":1.2070835828781129,"orthographic":false}