{"cameraMode":{"drawMode":0,"name":"Shaded","section":"Shading Mode"},"sceneLighting":false,"audioPlay":false,"sceneViewState":{"m_AlwaysRefresh":false,"showFog":true,"showSkybox":false,"showFlares":true,"showImageEffects":true,"showParticleSystems":true,"showVisualEffectGraphs":true,"m_FxEnabled":true},"in2DMode":false,"pivot":{"x":27.993932723999025,"y":1.9658174514770508,"z":0.5380086898803711},"rotation":{"x":-0.0031772477086633445,"y":0.9501848816871643,"z":-0.31152066588401797,"w":-0.009691410697996617},"size":1.0748587846755982,"orthographic":false}