{"cameraMode":{"drawMode":0,"name":"Shaded","section":"Shading Mode"},"sceneLighting":true,"audioPlay":false,"sceneViewState":{"m_AlwaysRefresh":false,"showFog":true,"showSkybox":true,"showFlares":true,"showImageEffects":true,"showParticleSystems":true,"showVisualEffectGraphs":true,"m_FxEnabled":true},"in2DMode":false,"pivot":{"x":26.45086097717285,"y":-9.118762969970704,"z":-12.204690933227539},"rotation":{"x":-0.005624957382678986,"y":-0.8767561912536621,"z":0.48080796003341677,"w":-0.010250817984342575},"size":15.6624174118042,"orthographic":false}