{"cameraMode":{"drawMode":0,"name":"Shaded","section":"Shading Mode"},"sceneLighting":true,"audioPlay":false,"sceneViewState":{"m_AlwaysRefresh":false,"showFog":true,"showSkybox":true,"showFlares":true,"showImageEffects":true,"showParticleSystems":true,"showVisualEffectGraphs":true,"m_FxEnabled":true},"in2DMode":false,"pivot":{"x":122.08384704589844,"y":-11.771719932556153,"z":-138.65953063964845},"rotation":{"x":-0.00252553541213274,"y":-0.9688923358917236,"z":0.2472931444644928,"w":-0.009887191466987133},"size":20.448762893676759,"orthographic":false}