{"cameraMode":{"drawMode":0,"name":"Shaded","section":"Shading Mode"},"sceneLighting":true,"audioPlay":false,"sceneViewState":{"m_AlwaysRefresh":false,"showFog":true,"showSkybox":true,"showFlares":true,"showImageEffects":true,"showParticleSystems":true,"showVisualEffectGraphs":true,"m_FxEnabled":true},"in2DMode":false,"pivot":{"x":117.50375366210938,"y":4.167708873748779,"z":-106.75703430175781},"rotation":{"x":0.00659002922475338,"y":0.966501772403717,"z":-0.25536176562309267,"w":0.024942174553871156},"size":0.3390786051750183,"orthographic":false}