{"cameraMode":{"drawMode":0,"name":"Shaded","section":"Shading Mode"},"sceneLighting":false,"audioPlay":false,"sceneViewState":{"m_AlwaysRefresh":false,"showFog":true,"showSkybox":false,"showFlares":true,"showImageEffects":true,"showParticleSystems":true,"showVisualEffectGraphs":true,"m_FxEnabled":true},"in2DMode":false,"pivot":{"x":-0.034465789794921878,"y":4.878299713134766,"z":0.7445580959320068},"rotation":{"x":0.008780702948570252,"y":-0.9802579283714294,"z":0.19239811599254609,"w":0.04473717883229256},"size":4.519824504852295,"orthographic":false}