{"cameraMode":{"drawMode":0,"name":"Shaded","section":"Shading Mode"},"sceneLighting":false,"audioPlay":false,"sceneViewState":{"m_AlwaysRefresh":false,"showFog":true,"showSkybox":false,"showFlares":true,"showImageEffects":true,"showParticleSystems":true,"showVisualEffectGraphs":true,"m_FxEnabled":true},"in2DMode":false,"pivot":{"x":-0.5871312022209168,"y":5.820732116699219,"z":-0.46666598320007326},"rotation":{"x":0.008780702948570252,"y":-0.9802579283714294,"z":0.19239811599254609,"w":0.04473717883229256},"size":7.0191497802734379,"orthographic":false}