{"cameraMode":{"drawMode":0,"name":"Shaded","section":"Shading Mode"},"sceneLighting":false,"audioPlay":false,"sceneViewState":{"m_AlwaysRefresh":false,"showFog":true,"showSkybox":false,"showFlares":true,"showImageEffects":true,"showParticleSystems":true,"showVisualEffectGraphs":true,"m_FxEnabled":true},"in2DMode":false,"pivot":{"x":114.30000305175781,"y":2.700000047683716,"z":-114.96792602539063},"rotation":{"x":0.04851836711168289,"y":-0.9419381022453308,"z":0.2935541868209839,"w":0.15569204092025758},"size":0.13856233656406403,"orthographic":false}